id,outside_title
1911621142890344457,"产品线:专车专用车窗饰条_材质:塑料_OE Number:Does Not Apply_Make:Toyota_Model:Alphard_Year:2008-2014_颜色:Black_卖法:4Pcs"
1911621142890344458,"产品线:专车专用车窗饰条_材质:塑料_OE Number:Does Not Apply_Make:Toyota_Model:Alphard_Year:2008-2014_颜色:Silver_卖法:4Pcs"
1911621142890344459,"产品线:专车专用车窗饰条_材质:塑料_OE Number:Does Not Apply_Make:Toyota_Model:Alphard_Year:2008-2014_颜色:Carbon Fiber_卖法:4Pcs"
1911621142890344460,"产品线:专车专用车窗饰条_材质:塑料_OE Number:Does Not Apply_Make:Toyota_Model:Alphard_Year:2015-2023_颜色:Black_卖法:4Pcs"
1911621142890344461,"产品线:专车专用车窗饰条_材质:塑料_OE Number:Does Not Apply_Make:Toyota_Model:Alphard_Year:2015-2023_颜色:Silver_卖法:4Pcs"
1911621142890344462,"产品线:专车专用车窗饰条_材质:塑料_OE Number:Does Not Apply_Make:Toyota_Model:Alphard_Year:2015-2023_颜色:Carbon Fiber_卖法:4Pcs"
1911621142890344472,"产品线:专车专用车窗饰条_材质:塑料_OE Number:Does Not Apply_Make:Toyota_Model:Avalon_Year:2001-2004_颜色:Black_卖法:6Pcs"
1911621142890344473,"产品线:专车专用车窗饰条_材质:塑料_OE Number:Does Not Apply_Make:Toyota_Model:Avalon_Year:2001-2004_颜色:Silver_卖法:6Pcs"
1911621142890344474,"产品线:专车专用车窗饰条_材质:塑料_OE Number:Does Not Apply_Make:Toyota_Model:Avalon_Year:2001-2004_颜色:Carbon Fiber_卖法:6Pcs"
1911621142890344478,"产品线:专车专用车窗饰条_材质:塑料_OE Number:Does Not Apply_Make:Toyota_Model:Avanza/Veloz_Year:2022-2025_颜色:Black_卖法:6Pcs"
1911621142890344479,"产品线:专车专用车窗饰条_材质:塑料_OE Number:Does Not Apply_Make:Toyota_Model:Avanza/Veloz_Year:2022-2025_颜色:Silver_卖法:6Pcs"
1911621142890344480,"产品线:专车专用车窗饰条_材质:塑料_OE Number:Does Not Apply_Make:Toyota_Model:Avanza/Veloz_Year:2022-2025_颜色:Carbon Fiber_卖法:6Pcs"
1911621142890344490,"产品线:专车专用车窗饰条_材质:塑料_OE Number:Does Not Apply_Make:Toyota_Model:Camry_Year:2012-2016_颜色:Black_卖法:6Pcs"
1911621142894538753,"产品线:专车专用车窗饰条_材质:塑料_OE Number:Does Not Apply_Make:Toyota_Model:Camry_Year:2012-2016_颜色:Silver_卖法:6Pcs"
1911621142894538754,"产品线:专车专用车窗饰条_材质:塑料_OE Number:Does Not Apply_Make:Toyota_Model:Camry_Year:2012-2016_颜色:Carbon Fiber_卖法:6Pcs"
1911621142894538758,"产品线:专车专用车窗饰条_材质:塑料_OE Number:Does Not Apply_Make:Toyota_Model:Camry_Year:2024-2025_颜色:Black_卖法:10Pcs"
1911621142894538759,"产品线:专车专用车窗饰条_材质:塑料_OE Number:Does Not Apply_Make:Toyota_Model:Camry_Year:2024-2025_颜色:Silver_卖法:10Pcs"
1911621142894538760,"产品线:专车专用车窗饰条_材质:塑料_OE Number:Does Not Apply_Make:Toyota_Model:Camry_Year:2024-2025_颜色:Carbon Fiber_卖法:10Pcs"
1911621142894538767,"产品线:专车专用车窗饰条_材质:塑料_OE Number:Does Not Apply_Make:Toyota_Model:Corolla_Year:2014-2018_颜色:Black_卖法:6Pcs"
1911621142894538768,"产品线:专车专用车窗饰条_材质:塑料_OE Number:Does Not Apply_Make:Toyota_Model:Corolla_Year:2014-2018_颜色:Silver_卖法:6Pcs"
1911621142894538769,"产品线:专车专用车窗饰条_材质:塑料_OE Number:Does Not Apply_Make:Toyota_Model:Corolla_Year:2014-2018_颜色:Carbon Fiber_卖法:6Pcs"
1911621142894538770,"产品线:专车专用车窗饰条_材质:塑料_OE Number:Does Not Apply_Make:Toyota_Model:Corolla Cross_Year:2020-2022_颜色:Black_卖法:10Pcs"
1911621142894538771,"产品线:专车专用车窗饰条_材质:塑料_OE Number:Does Not Apply_Make:Toyota_Model:Corolla Cross_Year:2020-2022_颜色:Silver_卖法:10Pcs"
1911621142894538772,"产品线:专车专用车窗饰条_材质:塑料_OE Number:Does Not Apply_Make:Toyota_Model:Corolla Cross_Year:2020-2022_颜色:Carbon Fiber_卖法:10Pcs"
1911621142894538773,"产品线:专车专用车窗饰条_材质:塑料_OE Number:Does Not Apply_Make:Toyota_Model:Corolla Hatchback_Year:2019-2024_颜色:Black_卖法:12Pcs"
1911621142894538774,"产品线:专车专用车窗饰条_材质:塑料_OE Number:Does Not Apply_Make:Toyota_Model:Corolla Hatchback_Year:2019-2024_颜色:Silver_卖法:12Pcs"
1911621142894538775,"产品线:专车专用车窗饰条_材质:塑料_OE Number:Does Not Apply_Make:Toyota_Model:Corolla Hatchback_Year:2019-2024_颜色:Carbon Fiber_卖法:12Pcs"
1911621142894538788,"产品线:专车专用车窗饰条_材质:塑料_OE Number:Does Not Apply_Make:Toyota_Model:Fortuner_Year:2014-2015_颜色:Black_卖法:6Pcs"
1911621142894538789,"产品线:专车专用车窗饰条_材质:塑料_OE Number:Does Not Apply_Make:Toyota_Model:Fortuner_Year:2014-2015_颜色:Silver_卖法:6Pcs"
1911621142894538790,"产品线:专车专用车窗饰条_材质:塑料_OE Number:Does Not Apply_Make:Toyota_Model:Fortuner_Year:2014-2015_颜色:Carbon Fiber_卖法:6Pcs"
1911621142894538791,"产品线:专车专用车窗饰条_材质:塑料_OE Number:Does Not Apply_Make:Toyota_Model:Fortuner_Year:2024-2025_颜色:Black_卖法:8Pcs"
1911621142894538792,"产品线:专车专用车窗饰条_材质:塑料_OE Number:Does Not Apply_Make:Toyota_Model:Fortuner_Year:2024-2025_颜色:Silver_卖法:8Pcs"
1911621142894538793,"产品线:专车专用车窗饰条_材质:塑料_OE Number:Does Not Apply_Make:Toyota_Model:Fortuner_Year:2024-2025_颜色:Carbon Fiber_卖法:8Pcs"
1911621142898733060,"产品线:专车专用车窗饰条_材质:塑料_OE Number:Does Not Apply_Make:Toyota_Model:Land Cruiser LC300_Year:2023-2024_颜色:Black_卖法:8Pcs"
1911621142898733061,"产品线:专车专用车窗饰条_材质:塑料_OE Number:Does Not Apply_Make:Toyota_Model:Land Cruiser LC300_Year:2023-2024_颜色:Silver_卖法:8Pcs"
1911621142898733062,"产品线:专车专用车窗饰条_材质:塑料_OE Number:Does Not Apply_Make:Toyota_Model:Land Cruiser LC300_Year:2023-2024_颜色:Carbon Fiber_卖法:8Pcs"
1911621142898733069,"产品线:专车专用车窗饰条_材质:塑料_OE Number:Does Not Apply_Make:Toyota_Model:Noah_Year:2020-2023_颜色:Black_卖法:6Pcs"
1911621142898733070,"产品线:专车专用车窗饰条_材质:塑料_OE Number:Does Not Apply_Make:Toyota_Model:Noah_Year:2020-2023_颜色:Silver_卖法:6Pcs"
1911621142898733071,"产品线:专车专用车窗饰条_材质:塑料_OE Number:Does Not Apply_Make:Toyota_Model:Noah_Year:2020-2023_颜色:Carbon Fiber_卖法:6Pcs"
1911621142898733072,"产品线:专车专用车窗饰条_材质:塑料_OE Number:Does Not Apply_Make:Toyota_Model:Noah R70_Year:2008-2013_颜色:Black_卖法:8Pcs"
1911621142898733073,"产品线:专车专用车窗饰条_材质:塑料_OE Number:Does Not Apply_Make:Toyota_Model:Noah R70_Year:2008-2013_颜色:Silver_卖法:8Pcs"
1911621142898733074,"产品线:专车专用车窗饰条_材质:塑料_OE Number:Does Not Apply_Make:Toyota_Model:Noah R70_Year:2008-2013_颜色:Carbon Fiber_卖法:8Pcs"
1911621142898733087,"产品线:专车专用车窗饰条_材质:塑料_OE Number:Does Not Apply_Make:Toyota_Model:Prado_Year:2024-2025_颜色:Black_卖法:8Pcs"
1911621142898733088,"产品线:专车专用车窗饰条_材质:塑料_OE Number:Does Not Apply_Make:Toyota_Model:Prado_Year:2024-2025_颜色:Silver_卖法:8Pcs"
1911621142898733089,"产品线:专车专用车窗饰条_材质:塑料_OE Number:Does Not Apply_Make:Toyota_Model:Prado_Year:2024-2025_颜色:Carbon Fiber_卖法:8Pcs"
1911621142898733090,"产品线:专车专用车窗饰条_材质:塑料_OE Number:Does Not Apply_Make:Toyota_Model:Prius_Year:2016-2022_颜色:Black_卖法:8Pcs"
1911621142898733091,"产品线:专车专用车窗饰条_材质:塑料_OE Number:Does Not Apply_Make:Toyota_Model:Prius_Year:2016-2022_颜色:Silver_卖法:8Pcs"
1911621142898733092,"产品线:专车专用车窗饰条_材质:塑料_OE Number:Does Not Apply_Make:Toyota_Model:Prius_Year:2016-2022_颜色:Carbon Fiber_卖法:8Pcs"
1911621142898733093,"产品线:专车专用车窗饰条_材质:塑料_OE Number:Does Not Apply_Make:Toyota_Model:Prius_Year:2023-2024_颜色:Black_卖法:8Pcs"
1911621142898733094,"产品线:专车专用车窗饰条_材质:塑料_OE Number:Does Not Apply_Make:Toyota_Model:Prius_Year:2023-2024_颜色:Silver_卖法:8Pcs"
1911621142898733095,"产品线:专车专用车窗饰条_材质:塑料_OE Number:Does Not Apply_Make:Toyota_Model:Prius_Year:2023-2024_颜色:Carbon Fiber_卖法:8Pcs"
1911621142898733102,"产品线:专车专用车窗饰条_材质:塑料_OE Number:Does Not Apply_Make:Toyota_Model:Tacoma_Year:2024-2025_颜色:Black_卖法:4Pcs"
1911621142902927362,"产品线:专车专用车窗饰条_材质:塑料_OE Number:Does Not Apply_Make:Toyota_Model:Tacoma_Year:2024-2025_颜色:Silver_卖法:4Pcs"
1911621142902927363,"产品线:专车专用车窗饰条_材质:塑料_OE Number:Does Not Apply_Make:Toyota_Model:Tacoma_Year:2024-2025_颜色:Carbon Fiber_卖法:4Pcs"
1911621142902927379,"产品线:专车专用车窗饰条_材质:塑料_OE Number:Does Not Apply_Make:Toyota_Model:Venza_Year:2016-2024_颜色:Black_卖法:8Pcs"
1911621142902927380,"产品线:专车专用车窗饰条_材质:塑料_OE Number:Does Not Apply_Make:Toyota_Model:Venza_Year:2016-2024_颜色:Silver_卖法:8Pcs"
1911621142902927381,"产品线:专车专用车窗饰条_材质:塑料_OE Number:Does Not Apply_Make:Toyota_Model:Venza_Year:2016-2024_颜色:Carbon Fiber_卖法:8Pcs"
1911621142902927394,"产品线:专车专用车窗饰条_材质:塑料_OE Number:Does Not Apply_Make:Toyota_Model:Yaris_Year:2014-2019_颜色:Black_卖法:6Pcs"
1911621142902927395,"产品线:专车专用车窗饰条_材质:塑料_OE Number:Does Not Apply_Make:Toyota_Model:Yaris_Year:2014-2019_颜色:Silver_卖法:6Pcs"
1911621142902927396,"产品线:专车专用车窗饰条_材质:塑料_OE Number:Does Not Apply_Make:Toyota_Model:Yaris_Year:2014-2019_颜色:Carbon Fiber_卖法:6Pcs"
1911621142902927400,"产品线:专车专用车窗饰条_材质:塑料_OE Number:Does Not Apply_Make:Toyota_Model:Yaris Cross_Year:2020-2025_颜色:Black_卖法:4Pcs"
1911621142902927401,"产品线:专车专用车窗饰条_材质:塑料_OE Number:Does Not Apply_Make:Toyota_Model:Yaris Cross_Year:2020-2025_颜色:Silver_卖法:4Pcs"
1911621142902927402,"产品线:专车专用车窗饰条_材质:塑料_OE Number:Does Not Apply_Make:Toyota_Model:Yaris Cross_Year:2020-2025_颜色:Carbon Fiber_卖法:4Pcs"
